order_id,date,category,product,region,sales,profit,quantity
ORD-1001,2026-01-05,Electronics,Wireless Headphones,North,12500,2400,2
ORD-1002,2026-01-10,Furniture,Office Chair,South,8500,1200,1
ORD-1003,2026-01-15,Electronics,Smart Watch,West,15000,3200,1
ORD-1004,2026-01-20,Appliances,Microwave Oven,East,11000,1800,1
ORD-1005,2026-01-25,Electronics,Laptop Stand,North,3500,900,3
ORD-1006,2026-01-30,Furniture,Computer Desk,West,18000,2500,1
ORD-1007,2026-02-04,Electronics,Bluetooth Speaker,South,7500,1500,2
ORD-1008,2026-02-08,Appliances,Air Fryer,North,9800,2100,1
ORD-1009,2026-02-12,Electronics,Mechanical Keyboard,East,8200,2000,2
ORD-1010,2026-02-15,Electronics,Gaming Monitor,North,95000,19500,2
ORD-1011,2026-02-18,Furniture,Bookshelf,South,6200,950,1
ORD-1012,2026-02-22,Appliances,Coffee Maker,West,5400,1100,1
ORD-1013,2026-02-26,Electronics,Webcam HD,East,4500,1200,2
ORD-1014,2026-03-02,Electronics,Noise-Cancelling Buds,North,14000,3100,1
ORD-1015,2026-03-06,Furniture,Ergonomic Stool,West,7800,1400,1
ORD-1016,2026-03-10,Appliances,Blender,South,4200,850,1
ORD-1017,2026-03-15,Electronics,4K Monitor,North,42000,9800,1
ORD-1018,2026-03-20,Furniture,Standing Desk,East,28000,4500,1
ORD-1019,2026-03-25,Electronics,Smartphone,West,55000,12000,1
ORD-1020,2026-03-30,Electronics,Tablet,South,32000,6800,1
